id,filename,PosixTime,author
115,mtt-FT-branch.txt,1172676929,jsquyres
115,mtt-ompi-trunk.txt,1172676950,jsquyres
134,cisco-long-command-debug-files.tar.gz,1163205058,jsquyres
156,svn-rnum.patch,1166476327,jjhursey
23,ompi-www.error.tar.gz,1156505187,jsquyres
230,big-server-out.txt.gz,1177638170,jsquyres
230,t.pl,1177638250,jsquyres
236,ganttconstrainex0.php.png,1190650501,emallove
238,debug-netpipe-issue.diff,1179947314,emallove
294,1188398959_Average_Latency_latency_avg__t__cisco__svbu-mpi__x86_64__Linux__netpipe__2_.png,1188402095,emallove
305,mtt-relay.patch,1189536957,jsquyres
316,perf-raw-data-with-circles.png,1201115582,emallove
323,attempt-to-allow-multiple-sections-2b-passed-to-evaluatestring.diff,1190923274,emallove
355,mtt.jpg,1208784785,jsquyres
355,mtt-reporter-tooltips.diff,1208803932,emallove
357,submit.patch,1211284010,pasha
362,big-mtt-report.html.gz,1212691222,emallove
363,mtt-report-with-counts.html.gz,1212699796,emallove
363,mtt-report-with-percentages.html.gz,1212699814,emallove
363,mtt-report-with-percentages.png,1212700188,emallove
363,mtt-report-with-counts.png,1212700221,emallove
375,mttdatabase-server-errors.tar.gz-split-aa,1217626664,emallove
375,mttdatabase-server-errors.tar.gz-split-ab,1217626682,emallove
375,mttdatabase-server-errors.tar.gz-split-ac,1217626698,emallove
375,mttdatabase-server-errors.tar.gz-split-ad,1217626715,emallove
375,mttdatabase-server-errors.tar.gz-split-ae,1217626735,emallove
389,mtt-server-php5-compat.patch,1338167853,cyeoh
39,test_run.log,1156777279,hpcstork
54,reporter.php.htm,1158096371,emallove
55,schema2.gif,1158520737,emallove
55,schema2.sxd,1158520765,emallove
55,schema2.2.gif,1159367590,emallove
55,schema2.3.gif,1161362338,emallove
61,mtt-email-example.txt,1161785883,jjhursey
61,crontab-example.txt,1161786034,jjhursey
61,print-results.pl,1161786072,jjhursey
61,mtt-new-submit.pl,1161786101,jjhursey
61,do_mtt.pl,1161795664,emallove
61,cron,1161795913,emallove
70,schema2.gif,1161021002,emallove
73,mtt-mail.jpg,1158412557,jsquyres
73,MTT mail source.txt,1158412681,jsquyres
73,MTT-mail-decoded-part-2.txt,1158412801,jsquyres
85,mpi-install-i386.ini,1159883801,emallove
90,ticket90.txt,1159974582,emallove
91,ompi-core-template.ini,1159992241,emallove
